baseline,mean_llm_accuracy,n_qa,p99_total_sec,p99_search_sec,p99_gen_sec
rag,0.36558441558441557,1540,5.1058978443965355,3.0725190535187723,4.799250519275666
mem0,0.3847167325428195,1518,55.58262531757355,43.13319399356842,26.023175978660586
aether,0.5512987012987013,1540,21.797822368144992,20.104947662353524,7.74818145036698
