{
  "baseline": "aether",
  "phase": "add",
  "per_batch_add_sec_n": 3142,
  "per_batch_add_sec": {
    "p50": 19.403176121413708,
    "p95": 33.662051480729126,
    "p99": 42.050873530786575
  }
}