{
  "baseline": "mem0g",
  "phase": "add",
  "per_batch_add_sec_n": 3142,
  "per_batch_add_sec": {
    "p50": 36.316601963713765,
    "p95": 61.57781873904168,
    "p99": 78.60911042474211
  }
}