{
  "baseline": "mem0",
  "phase": "add",
  "per_batch_add_sec_n": 3142,
  "per_batch_add_sec": {
    "p50": 14.69292430114001,
    "p95": 35.68403347460552,
    "p99": 45.8763135644794
  }
}